id,name,description,picture,price
DLB-001,Буст рейтинга — низкие ранги,Помощь с апом ранга в Deadlock на низких рангах. Цена за 1 победу. Серверы EU / RU / NA. Заказ: @deadlockboosts,https://i.yapx.ru/eRqX1.png,199
DLB-002,Буст рейтинга — средние ранги,Буст рейтинга в Deadlock для средних рангов. Цена за 1 победу. Серверы EU / RU / NA. Заказ: @deadlockboosts,https://i.yapx.ru/eRqX1.png,249
DLB-003,Буст рейтинга — высокие ранги,Буст рейтинга в Deadlock для высоких рангов. Цена за 1 победу. Серверы EU / RU / NA. Заказ: @deadlockboosts,https://i.yapx.ru/eRqX1.png,499
DLB-004,Буст рейтинга — хай-эло,Буст рейтинга в Deadlock на хай-эло. Цена за 1 победу. Серверы EU / RU / NA. Заказ: @deadlockboosts,https://i.yapx.ru/eRqX1.png,890
DLB-005,Открытие рейтинга — 45 побед,Выполняем 45 побед для открытия рейтингового режима Deadlock. Заказ: @deadlockboosts,https://i.yapx.ru/eRqYH.png,7990
DLB-006,Калибровка — 1 матч,Калибровочный матч в Deadlock с упором на сильный результат. Заказ: @deadlockboosts,https://i.yapx.ru/eRqX9.png,349
DLB-007,Полная калибровка,Полная калибровка в Deadlock. Проходим весь пакет матчей на максимально возможный результат. Заказ: @deadlockboosts,https://i.yapx.ru/eRqX9.png,2790
DLB-008,Коучинг для новичков,"Индивидуальное обучение Deadlock с нуля: база, макро, микро, ошибки и план роста. Заказ: @deadlockboosts",https://i.yapx.ru/eRqYW.png,3490
DLB-009,Live coaching / разбор игры,"Разбор игры в реальном времени: позиционка, тайминги, макро и микро. Заказ: @deadlockboosts",https://i.yapx.ru/eRqYW.png,1890
DLB-010,Игра в пати — Ranked / Street Brawl,Игра в пати с сильным игроком Deadlock. Формат — 1 час. Заказ: @deadlockboosts,https://i.yapx.ru/eRqYZ.png,1090
DLB-011,Снятие Low Priority,Помощь со снятием Low Priority в Deadlock. Цена за 1 игру. Заказ: @deadlockboosts,https://i.yapx.ru/eRqY0.png,299
DLB-012,Инвайт в игру + обучение,Инвайт в Deadlock и примерно 2 часа обучения для новичка. Заказ: @deadlockboosts,https://i.yapx.ru/eRqYW.png,4690
